<?xml version="1.0"?>
<digester-rules>
    <pattern value="academy">
        <object-create-rule classname="com.commonsbook.chap7.academy.Academy" />
        <set-properties-rule />
        <pattern value="student">
            <object-create-rule classname="com.commonsbook.chap7.academy.Student" />
            <set-properties-rule />

            <pattern value="course">
                <object-create-rule classname="com.commonsbook.chap7.academy.Course" />
                <bean-property-setter-rule pattern="id"/>
                <bean-property-setter-rule pattern="name"/>
                <set-next-rule methodname="addCourse" />
            </pattern>
            <set-next-rule methodname="addStudent" />
        </pattern>

        <pattern value="teacher">
            <object-create-rule classname="com.commonsbook.chap7.academy.Teacher" />
            <set-properties-rule />
            <call-method-rule pattern="certification" methodname="addCertification"
                paramcount="1" />
            <call-param-rule pattern="certification" paramnumber="0"/>
            <set-next-rule methodname="addTeacher" />
        </pattern>
    </pattern>
</digester-rules>