<?xml version="1.0" encoding="ISO-8859-1" ?>
<!DOCTYPE struts-config PUBLIC
          "-//Apache Software Foundation//DTD Struts Configuration 1.1//EN"
          "http://jakarta.apache.org/struts/dtds/struts-config_1_1.dtd">

<struts-config>
  <!--Forms -->
    <form-beans>
        <!-- User Information form -->
        <form-bean name="userForm" type="com.commonsbook.chap4.UserForm"/>
    </form-beans>

  <!--Actions -->
    <action-mappings>
        <action    path="/userInfo"
                   type="com.commonsbook.chap4.UserAction"
                   name="userForm"
                   scope="request"
                   validate="true"
                   input="/index.jsp">
           <forward name="success" path="/done.jsp"/>
        </action>
    </action-mappings>

  <!-- Message Resources to be used-->
  <message-resources parameter="com.commonsbook.chap4.ApplicationResources"/>

  <!--Define Validator Plug Ins-->
    <plug-in className="org.apache.struts.validator.ValidatorPlugIn">
        <set-property property="pathnames" value="/WEB-INF/validation.xml"/>
    </plug-in>
</struts-config>
